{
    "project_id": 13,
    "sprint_id": 1,
    "mean_disagreements": [
        411.4,
        411.4,
        411.4,
        411.4,
        411.4,
        411.4,
        411.4,
        411.4,
        411.4,
        411.4,
        411.4,
        411.4,
        411.4,
        411.4,
        411.4
    ],
    "mean_average_distances": [
        12.716666666666667,
        12.716666666666667,
        12.716666666666667,
        12.716666666666667,
        12.716666666666667,
        12.716666666666667,
        12.716666666666667,
        12.716666666666667,
        12.716666666666667,
        12.716666666666667,
        12.716666666666667,
        12.716666666666667,
        12.716666666666667,
        12.716666666666667,
        12.716666666666667
    ],
    "median_disagreements": [
        412.5,
        412.5,
        412.5,
        412.5,
        412.5,
        412.5,
        412.5,
        412.5,
        412.5,
        412.5,
        412.5,
        412.5,
        412.5,
        412.5,
        412.5
    ],
    "median_average_distances": [
        12.6875,
        12.6875,
        12.6875,
        12.6875,
        12.6875,
        12.6875,
        12.6875,
        12.6875,
        12.6875,
        12.6875,
        12.6875,
        12.6875,
        12.6875,
        12.6875,
        12.6875
    ]
}