{
    "project_id": 4,
    "sprint_id": 1,
    "mean_disagreements": [
        1543.1,
        1543.7,
        1552.1,
        1548.5,
        1554.2,
        1552.4,
        1550.4,
        1552.2,
        1538.9,
        1550.6,
        1549,
        1544.3,
        1548.9,
        1553.2,
        1546.8
    ],
    "mean_average_distances": [
        25.54,
        25.5225,
        25.6,
        25.625,
        25.7275,
        25.5825,
        25.64,
        25.67,
        25.5125,
        25.642500000000002,
        25.6975,
        25.495,
        25.65,
        25.6875,
        25.5625
    ],
    "median_disagreements": [
        1547.0,
        1546.0,
        1549.0,
        1548.5,
        1555.0,
        1553.0,
        1551.5,
        1552.0,
        1538.0,
        1554.0,
        1548.0,
        1538.0,
        1548.0,
        1556.0,
        1546.5
    ],
    "median_average_distances": [
        25.5875,
        25.4875,
        25.5625,
        25.6,
        25.7125,
        25.5875,
        25.6375,
        25.6625,
        25.4875,
        25.6125,
        25.725,
        25.425,
        25.6375,
        25.6,
        25.55
    ]
}