{
    "project_id": 25,
    "sprint_id": 4,
    "mean_disagreements": [
        241.2,
        240.1,
        240.4,
        242.4,
        241.9,
        240.1,
        240.1,
        240.5,
        241,
        240.1,
        239.8,
        240.1,
        240.1,
        240.1,
        240.1
    ],
    "mean_average_distances": [
        10.326666666666666,
        10.120000000000001,
        10.24,
        10.226666666666667,
        10.233333333333334,
        10.120000000000001,
        10.120000000000001,
        10.146666666666667,
        10.14,
        10.120000000000001,
        10.086666666666666,
        10.120000000000001,
        10.120000000000001,
        10.120000000000001,
        10.120000000000001
    ],
    "median_disagreements": [
        241.5,
        239.5,
        240.0,
        243.0,
        242.0,
        239.5,
        239.5,
        241.5,
        241.0,
        239.5,
        240.0,
        239.5,
        239.5,
        239.5,
        239.5
    ],
    "median_average_distances": [
        10.266666666666666,
        10.1,
        10.3,
        10.266666666666666,
        10.266666666666667,
        10.1,
        10.1,
        10.166666666666666,
        10.133333333333333,
        10.1,
        10.133333333333333,
        10.1,
        10.1,
        10.1,
        10.1
    ]
}