{
    "project_id": 25,
    "sprint_id": 4,
    "mean_disagreements": [
        245.5,
        245,
        245,
        245,
        245,
        245,
        245.2,
        245.5,
        245,
        245,
        245,
        245.5,
        245.6,
        245.6,
        245
    ],
    "mean_average_distances": [
        10.733333333333333,
        10.693333333333333,
        10.693333333333333,
        10.693333333333333,
        10.693333333333333,
        10.693333333333333,
        10.693333333333333,
        10.733333333333333,
        10.693333333333333,
        10.693333333333333,
        10.693333333333333,
        10.713333333333333,
        10.7,
        10.7,
        10.693333333333333
    ],
    "median_disagreements": [
        245.5,
        245.0,
        245.0,
        245.0,
        245.0,
        245.0,
        245.0,
        245.5,
        245.0,
        245.0,
        245.0,
        245.0,
        246.0,
        246.0,
        245.0
    ],
    "median_average_distances": [
        10.733333333333333,
        10.7,
        10.7,
        10.7,
        10.7,
        10.7,
        10.7,
        10.733333333333333,
        10.7,
        10.7,
        10.7,
        10.733333333333333,
        10.733333333333333,
        10.733333333333333,
        10.7
    ]
}