{
    "project_id": 4,
    "sprint_id": 1,
    "mean_disagreements": [
        1544.9,
        1538.9,
        1528.8,
        1469.4,
        1492.1,
        1541.6,
        1462.6,
        1522.3,
        1492.7,
        1554.7,
        1546.3,
        1511.8,
        1516.2,
        1504.3,
        1519.1
    ],
    "mean_average_distances": [
        26.18,
        26.1425,
        26.1025,
        24.78,
        25.2825,
        26.0425,
        25.115000000000002,
        26.0275,
        25.552500000000002,
        26.25,
        26.3725,
        25.435,
        25.7825,
        25.5575,
        25.7075
    ],
    "median_disagreements": [
        1552.5,
        1531.5,
        1511.5,
        1494.5,
        1488.5,
        1551.0,
        1453.0,
        1550.5,
        1484.5,
        1558.0,
        1545.5,
        1524.0,
        1531.0,
        1519.0,
        1520.0
    ],
    "median_average_distances": [
        26.5,
        26.15,
        25.4125,
        25.375,
        25.237499999999997,
        25.975,
        24.45,
        26.225,
        25.4,
        26.3375,
        26.025,
        25.3875,
        25.875,
        25.924999999999997,
        26.200000000000003
    ]
}